第一階層,第二階層,第三階層
トイプー,TA,TA1A
トイプー,TA,TA1B
トイプー,TA,TA1C
トイプー,TA,TA2A
トイプー,TA,TA2B
トイプー,TA,TA2C
トイプー,TA,TA3A
トイプー,TA,TA3B
トイプー,TA,TA3C
トイプー,TA,TA4A
トイプー,TA,TA4B
トイプー,TA,TA4C
トイプー,TA,TA5A
トイプー,TA,TA5B
トイプー,TA,TA5C
トイプー,TA,TA6A
トイプー,TA,TA6B
トイプー,TA,TA6C
トイプー,TA,TA7A
トイプー,TA,TA7B
トイプー,TA,TA7C
トイプー,TA,TA8A
トイプー,TA,TA8B
トイプー,TA,TA8C
トイプー,TA,TA9A
トイプー,TA,TA9B
トイプー,TA,TA9C
トイプー,TA,TA10A
トイプー,TA,TA10B
トイプー,TA,TA10C
トイプー,TA,TA11A
トイプー,TA,TA11B
トイプー,TA,TA11C
トイプー,TA,TA12A
トイプー,TA,TA12B
トイプー,TA,TA12C
トイプー,TA,TA13A
トイプー,TA,TA13B
トイプー,TA,TA13C
トイプー,TA,TA14A
トイプー,TA,TA14B
トイプー,TA,TA14C
トイプー,TA,TA15A
トイプー,TA,TA15B
トイプー,TA,TA15C
トイプー,TA,TA16A
トイプー,TA,TA16B
トイプー,TA,TA16C
トイプー,TA,TA17A
トイプー,TA,TA17B
トイプー,TA,TA17C
トイプー,TB,TB1A
トイプー,TB,TB1B
トイプー,TB,TB1C
トイプー,TB,TB2A
トイプー,TB,TB2B
トイプー,TB,TB2C
トイプー,TB,TB3A
トイプー,TB,TB3B
トイプー,TB,TB3C
トイプー,TB,TB4A
トイプー,TB,TB4B
トイプー,TB,TB4C
トイプー,TB,TB5A
トイプー,TB,TB5B
トイプー,TB,TB5C
トイプー,TB,TB6A
トイプー,TB,TB6B
トイプー,TB,TB6C
トイプー,TB,TB7A
トイプー,TB,TB7B
トイプー,TB,TB7C
トイプー,TB,TB8A
トイプー,TB,TB8B
トイプー,TB,TB8C
トイプー,TB,TB9A
トイプー,TB,TB9B
トイプー,TB,TB9C
トイプー,TB,TB10A
トイプー,TB,TB10B
トイプー,TB,TB10C
トイプー,TB,TB11A
トイプー,TB,TB11B
トイプー,TB,TB11C
トイプー,TB,TB12A
トイプー,TB,TB12B
トイプー,TB,TB12C
トイプー,TB,TB13A
トイプー,TB,TB13B
トイプー,TB,TB13C
トイプー,TB,TB14A
トイプー,TB,TB14B
トイプー,TB,TB14C
トイプー,TB,TB15A
トイプー,TB,TB15B
トイプー,TB,TB15C
トイプー,TC,TC1A
トイプー,TC,TC1B
トイプー,TC,TC1C
トイプー,TC,TC2A
トイプー,TC,TC2B
トイプー,TC,TC2C
トイプー,TC,TC3A
トイプー,TC,TC3B
トイプー,TC,TC3C
トイプー,TC,TC4A
トイプー,TC,TC4B
トイプー,TC,TC4C
トイプー,TC,TC5A
トイプー,TC,TC5B
トイプー,TC,TC5C
トイプー,TC,TC6A
トイプー,TC,TC6B
トイプー,TC,TC6C
トイプー,TC,TC7A
トイプー,TC,TC7B
トイプー,TC,TC7C
トイプー,TC,TC8A
トイプー,TC,TC8B
トイプー,TC,TC8C
トイプー,TC,TC9A
トイプー,TC,TC9B
トイプー,TC,TC9C
トイプー,TC,TC10A
トイプー,TC,TC10B
トイプー,TC,TC10C
トイプー,TC,TC11A
トイプー,TC,TC11B
トイプー,TC,TC11C
トイプー,TC,TC12A
トイプー,TC,TC12B
トイプー,TC,TC12C
トイプー,TC,TC13A
トイプー,TC,TC13B
トイプー,TC,TC13C
トイプー,TD,TD1A
トイプー,TD,TD1B
トイプー,TD,TD1C
トイプー,TD,TD2A
トイプー,TD,TD2B
トイプー,TD,TD2C
トイプー,TD,TD3A
トイプー,TD,TD3B
トイプー,TD,TD3C
トイプー,TD,TD4A
トイプー,TD,TD4B
トイプー,TD,TD4C
トイプー,TD,TD5A
トイプー,TD,TD5B
トイプー,TD,TD5C
トイプー,TD,TD6A
トイプー,TD,TD6B
トイプー,TD,TD6C
トイプー,TD,TD7A
トイプー,TD,TD7B
トイプー,TD,TD7C
トイプー,TD,TD8A
トイプー,TD,TD8B
トイプー,TD,TD8C
トイプー,TD,TD9A
トイプー,TD,TD9B
トイプー,TD,TD9C
トイプー,TD,TD10A
トイプー,TD,TD10B
トイプー,TD,TD10C
トイプー,TD,TD11A
トイプー,TD,TD11B
トイプー,TD,TD11C
トイプー,TD,TD12A
トイプー,TD,TD12B
トイプー,TD,TD12C
トイプー,TD,TD12D
トイプー,TD,TD12E
トイプー,TE,TE1A
トイプー,TE,TE1B
トイプー,TE,TE1C
トイプー,TE,TE2A
トイプー,TE,TE2B
トイプー,TE,TE2C
トイプー,TE,TE3A
トイプー,TE,TE3B
トイプー,TE,TE3C
トイプー,TE,TE4A
トイプー,TE,TE4B
トイプー,TE,TE4C
トイプー,TE,TE5A
トイプー,TE,TE5B
トイプー,TE,TE5C
トイプー,TE,TE6A
トイプー,TE,TE6B
トイプー,TE,TE6C
トイプー,TE,TE7A
トイプー,TE,TE7B
トイプー,TE,TE7C
トイプー,TE,TE8A
トイプー,TE,TE8B
トイプー,TE,TE8C
トイプー,TE,TE9A
トイプー,TE,TE9B
トイプー,TE,TE9C
トイプー,TE,TE10A
トイプー,TE,TE10B
トイプー,TE,TE10C
トイプー,TE,TE11A
トイプー,TE,TE11B
トイプー,TE,TE11C
トイプー,TE,TE12A
トイプー,TE,TE12B
トイプー,TE,TE12C
トイプー,TE,TE13A
トイプー,TE,TE13B
トイプー,TE,TE13C
トイプー,TE,TE14A
トイプー,TE,TE14B
トイプー,TE,TE14C
トイプー,TE,TE15A
トイプー,TE,TE15B
トイプー,TE,TE15C
トイプー,TE,TE16A
トイプー,TE,TE16B
トイプー,TE,TE16C
トイプー,TE,TE17A
トイプー,TE,TE17B
トイプー,TE,TE17C
トイプー,TE,TE18A
トイプー,TE,TE18B
トイプー,TE,TE18C
トイプー,TG,TG5A
トイプー,TG,TG5B
トイプー,TG,TG5C
トイプー,TG,TG5D
トイプー,TG,TG6A
トイプー,TG,TG6B
トイプー,TG,TG6C
トイプー,TG,TG6D
トイプー,TG,TG7A
トイプー,TG,TG7B
トイプー,TG,TG7C
トイプー,TG,TG7D
トイプー,TG,TG8A
トイプー,TG,TG8B
トイプー,TG,TG8C
トイプー,TG,TG8D
シュナ,SA,SA1A
シュナ,SA,SA1B
シュナ,SA,SA1C
シュナ,SA,SA1D
シュナ,SA,SA2A
シュナ,SA,SA2B
シュナ,SA,SA2C
シュナ,SA,SA2D
シュナ,SA,SA3A
シュナ,SA,SA3B
シュナ,SA,SA3C
シュナ,SA,SA3D
シュナ,SA,SA4A
シュナ,SA,SA4B
シュナ,SA,SA5A
シュナ,SA,SA5B
シュナ,SA,SA5C
シュナ,SA,SA5D
シュナ,SA,SA6A
シュナ,SA,SA6B
シュナ,SA,SA6C
シュナ,SA,SA6D
シュナ,SA,SA7A
シュナ,SA,SA7B
シュナ,SB,SB1A
シュナ,SB,SB1B
シュナ,SB,SB2A
シュナ,SB,SB2B
シュナ,SB,SB3A
シュナ,SB,SB3B
シュナ,SB,SB4A
シュナ,SB,SB4B
シュナ,SB,SB5A
シュナ,SB,SB5B
シュナ,SC,SC1A
シュナ,SC,SC2A
シュナ,SC,SC3A
シュナ,SC,SC4A
シュナ,SC,SC5A
シュナ,SC,SC6A
シュナ,SC,SC7A
シュナ,SC,SC8A
シュナ,SC,SC9A
シュナ,SC,SC10A
シュナ,SD,SD1A
シュナ,SD,SD1B
シュナ,SD,SD2A
シュナ,SD,SD2B
シュナ,SD,SD3A
シュナ,SD,SD3B
シュナ,SD,SD4A
シュナ,SD,SD4B
シュナ,SD,SD5A
シュナ,SD,SD5B
ポメ,PA1,
ポメ,PA2,
ポメ,PA3,
ポメ,PB1,
ポメ,PB2,
ポメ,PB3,
ポメ,PB4,
ポメ,PB5,
ポメ,PB6,
ポメ,PC1,
ポメ,PC2,
ポメ,PC3,
ポメ,PC4,
ポメ,PC5,
ポメ,PC6,
ポメ,PD1,
ポメ,PD2,
ポメ,PD3,
ポメ,PE,
梱包室,KPS,
梱包室,CB1,
梱包室,CB2,
梱包室,CB3,
梱包室,CB4,
梱包室,CB5,
梱包室,CB6,
梱包室,CB7,
梱包室,CB8,
梱包室,CB9,
梱包室,CB10,
梱包室,CB11,
梱包室,CB12,
梱包室,CB13,
梱包室,CB14,
梱包室,CB15,
梱包室,CB16,
梱包室,CB17,
梱包室,CB18,
梱包室,CB19,
梱包室,CB20,
梱包室,CB21,
梱包室,CB22,
梱包室,CB23,
梱包室,CB24,
梱包室,CB25,
梱包室,CB26,
梱包室,CB27,
梱包室,CB28,
梱包室,CB100,
梱包室,CB101,
梱包室,CB102,
梱包室,CB103,
梱包室,CB104,
梱包室,CB105,
梱包室,CB106,
梱包室,CB107,
梱包室,CB108,
梱包室,CB109,
事務所,JT,
TeamEC,トイプー,TA0A
TeamEC,トイプー,TA0B
TeamEC,トイプー,TA0C
TeamEC,トイプー,TA0D
TeamEC,トイプー,TA0E
TeamEC,トイプー,TA0F
TeamEC,トイプー,TA0G
TeamEC,トイプー,TA0H
TeamEC,トイプー,TA0I
TeamEC,トイプー,TA0J
TeamEC,トイプー,TA0K
TeamEC,トイプー,TA0L
TeamEC,トイプー,TB0A
TeamEC,トイプー,TB0B
TeamEC,トイプー,TB0C
TeamEC,トイプー,TB0D
TeamEC,トイプー,TB0E
TeamEC,トイプー,TB0F
TeamEC,トイプー,TB0G
TeamEC,トイプー,TB0H
TeamEC,トイプー,TC0A
TeamEC,トイプー,TC0B
TeamEC,トイプー,TC0C
TeamEC,トイプー,TC0D
TeamEC,トイプー,TC0E
TeamEC,トイプー,TC0F
TeamEC,トイプー,TC0G
TeamEC,トイプー,TC0H
TeamEC,トイプー,TD0A
TeamEC,トイプー,TD0B
TeamEC,トイプー,TD0C
TeamEC,トイプー,TD0D
TeamEC,トイプー,TD0E
TeamEC,トイプー,TD0F
TeamEC,トイプー,TD0G
TeamEC,トイプー,TD0H
TeamEC,トイプー,TJ1A
TeamEC,トイプー,TJ1B
TeamEC,トイプー,TJ1C
TeamEC,トイプー,TJ1D
TeamEC,トイプー,TJ1E
TeamEC,トイプー,TJ1F
TeamEC,トイプー,TJ1G
TeamEC,トイプー,TJ1H
TeamEC,トイプー,TJ1I
TeamEC,トイプー,TJ2A
TeamEC,トイプー,TJ2B
TeamEC,トイプー,TJ2C
TeamEC,トイプー,TJ2D
TeamEC,トイプー,TJ2E
TeamEC,トイプー,TJ2F
TeamEC,トイプー,TJ2G
TeamEC,トイプー,TJ2H
TeamEC,トイプー,TJ2I
TeamEC,トイプー,TJ3A
TeamEC,トイプー,TJ3B
TeamEC,トイプー,TJ3C
TeamEC,トイプー,TJ3D
TeamEC,トイプー,TJ3E
TeamEC,トイプー,TJ3F
TeamEC,トイプー,TJ3G
TeamEC,トイプー,TJ3H
TeamEC,トイプー,TJ3I
TeamEC,トイプー,TJ4A
TeamEC,トイプー,TJ4B
TeamEC,トイプー,TJ4C
TeamEC,トイプー,TJ4D
TeamEC,トイプー,TJ4E
TeamEC,トイプー,TJ4F
TeamEC,トイプー,TJ4G
TeamEC,トイプー,TJ4H
TeamEC,トイプー,TJ4I
TeamEC,トイプー,TJ5A
TeamEC,トイプー,TJ5B
TeamEC,トイプー,TJ5C
TeamEC,トイプー,TJ5D
TeamEC,トイプー,TJ6A
TeamEC,トイプー,TJ6B
TeamEC,トイプー,TJ6C
TeamEC,トイプー,TJ6D
TeamEC,トイプー,TJ7A
TeamEC,トイプー,TJ7B
TeamEC,トイプー,TJ7C
TeamEC,トイプー,TJ7D
TeamEC,トイプー,TJ8A
TeamEC,トイプー,TJ8B
TeamEC,トイプー,TJ8C
TeamEC,トイプー,TJ8D
TeamEC,トイプー,TJ9A
TeamEC,トイプー,TJ9B
TeamEC,トイプー,TJ9C
TeamEC,トイプー,TJ9D
TeamEC,ライオンズ,LP1
TeamEC,ライオンズ,LP2
TeamEC,ライオンズ,LP3
TeamEC,ライオンズ,LP4
TeamEC,ライオンズ,LP5
TeamEC,ライオンズ,LP6
TeamEC,ライオンズ,LP7
TeamEC,ライオンズ,LP8
TeamEC,ライオンズ,LP9
TeamEC,ライオンズ,LP10
TeamEC,ライオンズ,LP11
TeamEC,ライオンズ,LP12
TeamEC,ライオンズ,LP13
TeamEC,ライオンズ,LP14
TeamEC,ライオンズ,LP15
TeamEC,ライオンズ,LP16
TeamEC,ライオンズ,LP17
TeamEC,ライオンズ,LP18
TeamEC,ライオンズ,LP19
TeamEC,ライオンズ,LP20
TeamEC,ライオンズ,LLA1
TeamEC,ライオンズ,LLA2
TeamEC,ライオンズ,LLA3
TeamEC,ライオンズ,LLB1
TeamEC,ライオンズ,LLB2
TeamEC,ライオンズ,LLB3
TeamEC,ライオンズ,LLC1
TeamEC,ライオンズ,LLC2
TeamEC,ライオンズ,LLC3
TeamEC,ライオンズ,LLD1
TeamEC,ライオンズ,LLD2
TeamEC,ライオンズ,LLD3
TeamEC,ライオンズ,LLE1
TeamEC,ライオンズ,LLE2
TeamEC,ライオンズ,LLE3
TeamEC,ライオンズ,LLF1
TeamEC,ライオンズ,LLF2
TeamEC,ライオンズ,LLF3
TeamEC,ライオンズ,LLG1
TeamEC,ライオンズ,LLG2
TeamEC,ライオンズ,LLG3
TeamEC,ライオンズ,LLH1
TeamEC,ライオンズ,LLH2
TeamEC,ライオンズ,LLH3
